nuc_id,geometry_nuc,hospital_id,geometry_hospital,distance,CDTNUCLEO,CMUN,CODIGO
"Acebeda, La",POINT (447546.0954070973 4548643.029605116),Hospital de La Fuenfría,POINT (409318 4512764),52427.97005281539,0010101,1,CH0028
Aguas de Riaza,POINT (409918.19330528664 4459594.367372378),Hospital Casaverde de Madrid,POINT (414487 4460030),4589.52834176963,0960401,96,CH0108
Aimayr,POINT (445993.6209031117 4453735.167921591),Hospital Infanta Elena,POINT (440618 4449992),6550.466104270483,1320401,132,CH0095
Ajalvir,POINT (459186.38854940713 4485562.380500987),Hospital Quirónsalud Valle del Henares,POINT (462638 4479586),6901.503133263326,0020101,2,
Alalpardo,POINT (459879.33319884376 4497668.018651133),Hospital Universitario Infanta Sofía,POINT (448317 4489868),13947.323756158867,1620101,162,CH0097
Alameda del Valle,POINT (428892.98801704025 4530181.450595404),Hospital de La Fuenfría,POINT (409318 4512764),26202.056047390804,0030101,3,CH0028
"Alameda y El Quejigal, La",POINT (492002.9747924008 4453578.18776218),Hospital Universitario del Sureste,POINT (461175 4460808),31664.399801591455,0250201,25,CH0100
Alamín,POINT (388812.91153604107 4454745.943833654),Hospital Virgen de La Poveda,POINT (391441 4456002),2912.8209810096996,1710101,171,CH0045
Alarilla,POINT (488685.3045975737 4436932.491944945),Hospital Universitario del Sureste,POINT (461175 4460808),36426.04485719334,0600201,60,CH0100
Alcamar,POINT (467258.338780599 4487045.226216615),Hospital Universitario Príncipe de Asturias,POINT (470500 4484537),4098.72738970086,0320301,32,CH0044
"Alcor, El",POINT (405746.46069428517 4488985.928883041),Hospital de El Escorial,POINT (405350 4495659),6684.838009563292,0540101,54,CH0027
Aldea del Fresno,POINT (398178.52830177086 4464146.181657052),Hospital Virgen de La Poveda,POINT (391441 4456002),10569.861989648689,0080101,8,CH0045
Alderete,POINT (408825.86242969794 4500783.135023085),Hospital Guadarrama,POINT (408177 4502667),1992.478281919017,0680601,68,CH0043
Algete,POINT (457588.24219354865 4494346.2583264),Hospital Universitario Infanta Sofía,POINT (448317 4489868),10296.15119592794,0090101,9,CH0097
"Almendros, Los",POINT (371304.2895142763 4458110.636407598),Hospital Virgen de La Poveda,POINT (391441 4456002),20246.81349460457,0370201,37,CH0045
Alpedrete,POINT (412673.7508733959 4501372.458859273),Hospital General de Villalba,POINT (415357 4500859),2731.9344566786244,0100101,10,CH0106
Ambite,POINT (484516.52849183703 4464260.366694398),HM Vallés,POINT (468864 4481428),23232.074412401864,0110101,11,CH0109
Anchuelo,POINT (477244.5312911524 4479588.887058901),Hospital Universitario Príncipe de Asturias,POINT (470500 4484537),8364.95810002708,0120101,12,CH0044
Aoslos,POINT (449789.6564530108 4544988.082571984),Hospital de La Fuenfría,POINT (409318 4512764),51733.41737848555,0700201,70,CH0028
Arco Iris,POINT (422855.5030139798 4470585.998937902),Hospital Rey Juan Carlos,POINT (426034 4465740),5795.390305776401,1810701,181,CH0105
"Arreturas, Las",POINT (441307.32379066775 4518816.446785857),Hospital Universitario Infanta Sofía,POINT (448317 4489868),29785.032010613504,0940201,94,CH0097
"Arroyadas, Las",POINT (429836.80625915655 4450565.259716274),Hospital Universitario Infanta Cristina,POINT (433368 4452286),3928.139045325231,0500501,50,CH0098
Arroyomolinos,POINT (422426.8517065508 4457794.336645919),Hospital  Universitario de Móstoles,POINT (425435 4463137),6131.313714891974,0150101,15,CH0032
"Arroyuelos, Los",POINT (417236.2052272526 4506558.404227815),Hospital General de Villalba,POINT (415357 4500859),6001.218279496667,0900301,90,CH0106
Asociación Deportivo - Cultural Daganzo,POINT (460455.5605361321 4490962.393670001),Hospital Quirónsalud Valle del Henares,POINT (462638 4479586),11583.841113736344,0530201,53,
"Asperilla, La",POINT (449216.0176338594 4525541.317702822),Hospital Universitario Infanta Sofía,POINT (448317 4489868),35684.64415729112,0300201,30,CH0097
Atalaya Real,POINT (448078.80088283285 4512554.452059008),Hospital Universitario Infanta Sofía,POINT (448317 4489868),22687.702524607812,1080101,108,CH0097
"Atazar, El",POINT (460331.26781586645 4531576.200255238),Hospital Universitario Infanta Sofía,POINT (448317 4489868),43404.10809684306,0160101,16,CH0097
"Avalón, El",POINT (457155.8650668454 4481401.286584131),Hospital Monográfico Asepeyo,POINT (454923 4476355),5518.214810599816,1040301,104,CH0042
Balcón de Tajo - Urtajo,POINT (457739.1178467726 4436089.085272296),Hospital Universitario del Tajo,POINT (447884 4434228),10029.306365075008,0430401,43,CH0099
"Barrancos, Los",POINT (404717.7514576212 4484747.250551513),Hospital de El Escorial,POINT (405350 4495659),10930.050971788181,0950201,95,CH0027
"Barrancos, Los",POINT (404717.7514576212 4484747.250551513),Hospital de El Escorial,POINT (405350 4495659),10930.050971788181,1220301,122,CH0027
"Barrizales, Los",POINT (411591.1355306008 4502143.992561267),Hospital Guadarrama,POINT (408177 4502667),3453.9626810782197,0460201,46,CH0043
Batres,POINT (421622.6130624 4451354.061940487),Hospital Casaverde de Madrid,POINT (414487 4460030),11233.382170513381,0170101,17,CH0108
Becerril de la Sierra,POINT (416146.4652308021 4506962.5501438575),Hospital General de Villalba,POINT (415357 4500859),6154.395153809033,0180101,18,CH0106
Bellavista,POINT (414743.802673797 4495493.264299946),Hospital General de Villalba,POINT (415357 4500859),5400.660197021981,0610101,61,CH0106
Belmonte de Tajo,POINT (471261.2052144136 4442548.557728782),Hospital Universitario del Sureste,POINT (461175 4460808),20859.98004992324,0190101,19,CH0100
Belvis de Jarama,POINT (453386.91081888357 4490364.375998519),Hospital Universitario Infanta Sofía,POINT (448317 4489868),5094.152023972069,1040101,104,CH0097
"Berrocal, El",POINT (419442.89534323534 4508224.8959405245),Hospital General de Villalba,POINT (415357 4500859),8423.239505232412,0180201,18,CH0106
"Berrocal- El Retamar, El",POINT (418875.4476512955 4506037.760996297),Hospital General de Villalba,POINT (415357 4500859),6260.913617969349,0900701,90,CH0106
"Berrocales del Jarama, Los",POINT (456635.99448816705 4480545.5044847885),Hospital Monográfico Asepeyo,POINT (454923 4476355),4527.104809204593,1040401,104,CH0042
"Berrueco, El",POINT (452729.75677904824 4526838.289427119),Hospital Universitario Infanta Sofía,POINT (448317 4489868),37232.71038637942,0210101,21,CH0097
"Berzalejo, El",POINT (423017.0864951035 4494900.661816003),Hospital Universitario HM Torrelodones,POINT (421655 4491526),3639.1787524839488,0720101,72,CH0087
Berzosa del Lozoya,POINT (456057.0712446021 4536201.146586748),Hospital Universitario Infanta Sofía,POINT (448317 4489868),46975.19745036288,0200101,20,CH0097
"Berzosa, La",POINT (420397.2488875705 4495405.159897498),Hospital Universitario HM Torrelodones,POINT (421655 4491526),4077.967553962779,0720201,72,CH0087
"Berzosilla, La",POINT (419730.8701344087 4493372.697189768),Hospital Universitario HM Torrelodones,POINT (421655 4491526),2666.939491318999,1520201,152,CH0087
"Blanca, La",POINT (388309.7126980554 4455094.9082245985),Hospital Virgen de La Poveda,POINT (391441 4456002),3260.0269410421593,1710803,171,CH0045
"Boalo, El",POINT (422268.8431554354 4507701.657548897),Hospital General de Villalba,POINT (415357 4500859),9726.023757775625,0230101,23,CH0106
"Bomberos, Los",POINT (421587.28905663884 4491565.42410025),Hospital Universitario HM Torrelodones,POINT (421655 4491526),78.35197209631049,1521501,152,CH0087
"Bosque, El",POINT (421124.28574956715 4470964.788952832),Hospital los Madrońos,POINT (415240 4472549),6093.811896057164,1810201,181,CH0088
Braojos,POINT (445981.0387784512 4543454.273848642),Hospital de La Fuenfría,POINT (409318 4512764),47812.878195888145,0240101,24,CH0028
Brea de Tajo,POINT (490605.0654395379 4453193.031533479),Hospital Universitario del Sureste,POINT (461175 4460808),30399.28447384243,0250101,25,CH0100
Brunete,POINT (415279.0313884129 4473156.656379294),Hospital los Madrońos,POINT (415240 4472549),608.9086340147506,0260101,26,CH0088
Buitrago del Lozoya,POINT (446424.45039476175 4537719.210871255),Hospital de La Fuenfría,POINT (409318 4512764),44717.45979511492,0270101,27,CH0028
Bustarviejo,POINT (440052.4745522932 4523291.1228501545),Hospital de La Fuenfría,POINT (409318 4512764),32487.355101759258,0280101,28,CH0028
Cabanillas de la Sierra,POINT (447068.116527112 4519546.304818904),Hospital Universitario Infanta Sofía,POINT (448317 4489868),29704.57013411631,0290101,29,CH0097
Cabeza Rasa,POINT (436692.1437158093 4521624.389527445),Hospital de La Fuenfría,POINT (409318 4512764),28772.38687964265,0280201,28,CH0028
"Cabezas, Las",POINT (443530.70516603184 4540629.123093357),Hospital de La Fuenfría,POINT (409318 4512764),44124.53149650177,1820301,182,CH0028
"Cabezuelas, Las",POINT (411059.3614915653 4501210.800931029),Hospital Guadarrama,POINT (408177 4502667),3229.3224516189916,0680101,68,CH0043
"Cabrera, La",POINT (448233.11907368636 4524084.482962518),Hospital Universitario Infanta Sofía,POINT (448317 4489868),34216.58577845083,0300101,30,CH0097
"Cabrerita y El Roble, La",POINT (446004.5720367764 4522821.768069111),Hospital Universitario Infanta Sofía,POINT (448317 4489868),33034.802149216,0300301,30,CH0097
Cadalso de los Vidrios,POINT (377682.31730043713 4462492.927902223),Hospital Virgen de La Poveda,POINT (391441 4456002),15212.938396611698,0310101,31,CH0045
"Calvero, El",POINT (453865.32915148075 4513125.402446026),Hospital Universitario Infanta Sofía,POINT (448317 4489868),23910.054891396347,1680701,168,CH0097
Calypo II,POINT (410523.6571776423 4456615.385374652),Hospital Casaverde de Madrid,POINT (414487 4460030),5231.412750603169,0960101,96,CH0108
Camarma de Esteruelas,POINT (468149.8020985918 4489005.2707978375),Hospital Universitario Príncipe de Asturias,POINT (470500 4484537),5048.650720597638,0320101,32,CH0044
"Caminos, Los",POINT (485661.753737803 4474880.619590291),Hospital Universitario Príncipe de Asturias,POINT (470500 4484537),17975.66296476431,1110201,111,CH0044
Camorritos,POINT (411498.6638244834 4511988.143696306),Hospital de La Fuenfría,POINT (409318 4512764),2314.5729021553575,0380101,38,CH0028
"Campillo,El",POINT (407054.9590947362 4497477.038918943),Hospital de El Escorial,POINT (405350 4495659),2492.418709911247,0540201,54,CH0027
Camping Escorial,POINT (406843.32118175144 4497635.200898745),Hospital de El Escorial,POINT (405350 4495659),2476.969548474192,1310901,131,CH0027
Camping de Valdemorillo,POINT (410489.23348673846 4484369.486740605),Hospital de El Escorial,POINT (405350 4495659),12404.226314658648,1601201,160,CH0027
Campo Nuevo,POINT (457806.9392921543 4489846.699626158),Hospital Universitario Infanta Sofía,POINT (448317 4489868),9489.963196698889,0410201,41,CH0097
Campo Real,POINT (467827.7627365846 4465574.929948905),Hospital Universitario del Sureste,POINT (461175 4460808),8184.306517173678,0330101,33,CH0100
Canencia,POINT (437717.98658162716 4528808.88173944),Hospital de La Fuenfría,POINT (409318 4512764),32618.974046852392,0340101,34,CH0028
Canto de la Pata,POINT (409348.9767401436 4505911.434889571),Hospital Guadarrama,POINT (408177 4502667),3449.6213172030925,0680701,68,CH0043
Carabaña,POINT (479843.53175812506 4456407.985863752),Hospital Universitario del Sureste,POINT (461175 4460808),19180.046986472906,0350101,35,CH0100
Caravan Garden,POINT (394095.99199259985 4462925.330859456),Hospital Virgen de La Poveda,POINT (391441 4456002),7414.950618194839,0080701,8,CH0045
Carbajo - Palomeque - Carretera de Ocaña,POINT (396899.36523896916 4462534.152735261),Hospital Virgen de La Poveda,POINT (391441 4456002),8512.506707120283,0080301,8,CH0045
"Cardosa, La",POINT (471366.12139503006 4496233.824778219),Hospital Universitario Príncipe de Asturias,POINT (470500 4484537),11728.848032235775,1560201,156,CH0044
Carracalderas,POINT (458086.4760786135 4507646.865872028),Hospital Universitario Infanta Sofía,POINT (448317 4489868),20286.220311979585,1450501,145,CH0097
"Carrascal, El",POINT (424299.0456514097 4449221.575893896),Hospital Universitario Infanta Cristina,POINT (433368 4452286),9572.702234943263,1400301,140,CH0098
Carreta Quebrada,POINT (394719.4033754756 4463489.846592505),Hospital Virgen de La Poveda,POINT (391441 4456002),8174.091710106116,0080702,8,CH0045
Casarrubuelos,POINT (429561.2139956526 4447052.84611808),Hospital Universitario Infanta Cristina,POINT (433368 4452286),6471.284202903234,0360101,36,CH0098
"Castañeras, Las",POINT (422368.73474339605 4459789.500706333),Hospital  Universitario de Móstoles,POINT (425435 4463137),4539.574225074341,0150201,15,CH0032
"Castellanas, Las",POINT (455708.39570418006 4477880.249834711),Hospital Monográfico Asepeyo,POINT (454923 4476355),1715.5854599610036,1301301,130,CH0042
Castillo de Tajo,POINT (480838.7900595722 4434958.175942731),Hospital Universitario del Sureste,POINT (461175 4460808),32478.886115424113,1730201,173,CH0100
"Castillo, El",POINT (418630.3799128885 4477827.900823974),Hospital los Madrońos,POINT (415240 4472549),6273.871999257862,1760701,176,CH0088
"Cañada, La",POINT (444237.5846194066 4539785.581155553),Hospital de La Fuenfría,POINT (409318 4512764),44153.632219083185,1820601,182,CH0028
"Cebales, Los",POINT (419017.7398100659 4508764.846460897),Hospital General de Villalba,POINT (415357 4500859),8712.257125468213,0180301,18,CH0106
Cenicientos,POINT (375277.3364189814 4458016.251699369),Hospital Virgen de La Poveda,POINT (391441 4456002),16288.684117164295,0370102,37,CH0045
"Cercado, El",POINT (490538.9607463202 4443435.56127476),Hospital Universitario del Sureste,POINT (461175 4460808),34118.08637619698,0550402,55,CH0100
Cerceda,POINT (421016.0533090346 4506065.483211973),Hospital General de Villalba,POINT (415357 4500859),7689.7562894444,0230201,23,CH0106
Cercedilla,POINT (410488.350703842 4509949.406984179),Hospital de La Fuenfría,POINT (409318 4512764),3048.221549476063,0380201,38,CH0028
"Cereda, La",POINT (396783.9744577172 4491444.470168214),Hospital de El Escorial,POINT (405350 4495659),9546.67770976128,1351101,135,CH0027
"Cerrada, La",POINT (459623.02768363676 4522621.862858927),Hospital Universitario Infanta Sofía,POINT (448317 4489868),34650.278413954344,1530401,153,CH0097
Cerro Alarcón,POINT (408166.71493779426 4480063.302035005),Hospital los Madrońos,POINT (415240 4472549),10319.694600350374,0950301,95,CH0088
Cerro Alarcón,POINT (408166.71493779426 4480063.302035005),Hospital los Madrońos,POINT (415240 4472549),10319.694600350374,1600201,160,CH0088
Cerro Matallera,POINT (443330.3332992475 4524172.376770893),Hospital Universitario Infanta Sofía,POINT (448317 4489868),34664.92622844862,1580201,158,CH0097
Cerro de Miralbueno,POINT (478162.7268674666 4480256.913927235),Hospital Universitario Príncipe de Asturias,POINT (470500 4484537),8777.045051477953,0120201,12,CH0044
Cervera de Buitrago,POINT (455316.3621051123 4530156.430023382),Hospital Universitario Infanta Sofía,POINT (448317 4489868),40891.914404041585,0390101,39,CH0097
Chapinería,POINT (397085.6304487416 4470555.184668773),Hospital Virgen de La Poveda,POINT (391441 4456002),15609.517510360982,0510101,51,CH0045
"Charquillas, Las",POINT (408680.72257552383 4483470.508811574),Hospital de El Escorial,POINT (405350 4495659),12635.388016417695,1601203,160,CH0027
Chinchón,POINT (464147.4255337124 4443371.20941684),Centro San Juan de Dios,POINT (447682 4445737),16634.518420729677,0520101,52,CH0004
Ciempozuelos,POINT (446951.74326272315 4445614.235762227),Hnas.Hosp.Sgdo.Corazón de Jesús Comp.Asisten. Benito Menni,POINT (447288 4445263),486.24598099263096,0400101,40,CH0047
Cierro de San Bartolomé,POINT (433819.4651386209 4507590.276084633),Hospital General de Villalba,POINT (415357 4500859),19651.27722877925,1440401,144,CH0106
Cinco Villas,POINT (448441.30784725904 4534254.2083327435),Hospital Universitario Infanta Sofía,POINT (448317 4489868),44386.38240044573,9020301,902,CH0097
Cobeña,POINT (457182.73290518345 4490871.2195929885),Hospital Universitario Infanta Sofía,POINT (448317 4489868),8922.313012767969,0410101,41,CH0097
"Cohonares, Los",POINT (452256.3001453716 4440448.790318747),Hnas.Hosp.Sgdo.Corazón de Jesús Comp.Asisten. Benito Menni,POINT (447288 4445263),6918.137118442285,0520301,52,CH0047
Colegio Monfort,POINT (464305.9610795491 4471263.654838288),Hospital Universitario de Torrejón,POINT (462980 4479426),8269.344068509849,0750101,75,CH0104
"Colinas, Las",POINT (425204.50286977284 4457917.763639186),Hospital  Universitario de Móstoles,POINT (425435 4463137),5224.323603787416,0890101,89,CH0032
Collado Mediano,POINT (412971.3900614966 4505101.859158949),Hospital General de Villalba,POINT (415357 4500859),4867.544413907659,0460101,46,CH0106
Colmenar de Oreja,POINT (466873.86189178843 4439982.457060602),Hospital Universitario del Tajo,POINT (447884 4434228),19842.596370724918,0430201,43,CH0099
Colmenar del Arroyo,POINT (398430.3830458461 4475167.961353992),Hospital los Madrońos,POINT (415240 4472549),17012.41254846247,0420101,42,CH0088
Colmenarejo,POINT (414105.67360486806 4489901.013115789),Hospital Universitario HM Torrelodones,POINT (421655 4491526),7722.234870430592,0440101,44,CH0087
Corpa,POINT (477595.2610774512 4474999.588375395),HM Vallés,POINT (468864 4481428),10842.481082204818,0480101,48,CH0109
"Cortijos, Los",POINT (410022.40261497226 4467179.194492803),Hospital los Madrońos,POINT (415240 4472549),7487.197984384545,1410101,141,CH0088
Costa de Madrid,POINT (383259.77927490097 4472271.291377088),Hospital Virgen de La Poveda,POINT (391441 4456002),18210.49737007152,1330201,133,CH0045
Cotorredondo,POINT (420203.24562500085 4455534.993549445),Hospital Casaverde de Madrid,POINT (414487 4460030),7271.901198165103,0170301,17,CH0108
Cotos de Monterrey,POINT (449077.7153060148 4516203.616011985),Hospital Universitario Infanta Sofía,POINT (448317 4489868),26346.60051140388,1690201,169,CH0097
"Cotos, Los",POINT (418884.07994606154 4519719.354847405),Hospital de La Fuenfría,POINT (409318 4512764),11827.376995249726,1200201,120,CH0028
"Cuadrón, El",POINT (444396.87555855716 4532684.552390711),Hospital de La Fuenfría,POINT (409318 4512764),40340.49972426985,0620201,62,CH0028
Cuatro Caminos,POINT (490121.0425523769 4448096.7951479405),Hospital Universitario del Sureste,POINT (461175 4460808),31614.049222379534,0550201,55,CH0100
Cubas de la Sagra,POINT (428580.76109050907 4449490.118114631),Hospital Universitario Infanta Cristina,POINT (433368 4452286),5543.880580737661,0500101,50,CH0098
"Cubillas, Las",POINT (457270.4969477732 4444054.960479202),Centro San Juan de Dios,POINT (447682 4445737),9734.912976857233,0520401,52,CH0004
Cuesta Eusebia,POINT (441654.34209146845 4523086.894703997),Hospital Universitario Infanta Sofía,POINT (448317 4489868),33880.46599091249,0281301,28,CH0097
"Cuestas, Las",POINT (416739.597849625 4486051.554024472),Hospital Universitario HM Torrelodones,POINT (421655 4491526),7357.359379484401,0610401,61,CH0087
"Cueva, La",POINT (459675.1736500009 4503439.461850747),Hospital Universitario Infanta Sofía,POINT (448317 4489868),17697.250787335386,1640301,164,CH0097
D'oremor,POINT (446251.20274809626 4518968.9494044315),Hospital Universitario Infanta Sofía,POINT (448317 4489868),29174.179928924405,0290201,29,CH0097
Daganzo de Arriba,POINT (461091.9040662041 4488223.141185476),Hospital Quirónsalud Valle del Henares,POINT (462638 4479586),8774.42992418047,0530101,53,
Dehesa,POINT (407210.4026536363 4487707.880908878),Hospital de El Escorial,POINT (405350 4495659),8165.867549432101,1600501,160,CH0027
Dehesa Nueva,POINT (459023.13094725786 4493459.279769173),Hospital Universitario Infanta Sofía,POINT (448317 4489868),11292.410293657547,0091101,9,CH0097
Dehesa del Sotillo,POINT (420276.38611599925 4468602.611428346),Hospital los Madrońos,POINT (415240 4472549),6398.372282691502,1810301,181,CH0088
"Dehesa, La",POINT (414694.3945208437 4474987.248050474),Hospital los Madrońos,POINT (415240 4472549),2498.547356870356,0260201,26,CH0088
"Dehesas, Las",POINT (409560.3345153631 4512402.13509712),Hospital de La Fuenfría,POINT (409318 4512764),435.513748660876,0380601,38,CH0028
"Dunas, Las",POINT (462639.7512879725 4507941.58222691),Hospital Universitario Infanta Sofía,POINT (448317 4489868),23060.693375741845,1450601,145,CH0097
El Viso,POINT (469197.83384060435 4476684.797100328),HM Vallés,POINT (468864 4481428),4754.936254103769,1720901,172,CH0109
Encinar - San Alberto - Vista Nevada,POINT (413522.2147499003 4492682.491037349),Hospital Universitario HM Torrelodones,POINT (421655 4491526),8214.60086940983,0610501,61,CH0087
Encinar del Alberche,POINT (385284.0952981147 4459062.216175426),Hospital Virgen de La Poveda,POINT (391441 4456002),6875.492604056456,1710301,171,CH0045
"Endrinales, Los",POINT (437454.5295255818 4515371.47954119),Hospital General de Villalba,POINT (415357 4500859),26436.960369290133,0850101,85,CH0106
Entrepinos,POINT (375861.66333052045 4463810.388255118),Hospital Virgen de La Poveda,POINT (391441 4456002),17426.60776524396,0310501,31,CH0045
Entrepinos,POINT (375861.66333052045 4463810.388255118),Hospital Virgen de La Poveda,POINT (391441 4456002),17426.60776524396,1280101,128,CH0045
"Eras del Soto, Las",POINT (444321.1921974922 4533237.292848388),Hospital de La Fuenfría,POINT (409318 4512764),40550.94553854967,0620401,62,CH0028
"Escarabajosa, La",POINT (457945.36709985574 4502552.572667373),Hospital Universitario Infanta Sofía,POINT (448317 4489868),15924.943854326748,1640401,164,CH0097
"Escorial, El",POINT (404321.27025733836 4493316.227295486),Hospital de El Escorial,POINT (405350 4495659),2558.684980307527,0540401,54,CH0027
"Espartal, El",POINT (454637.3474721797 4513218.398566784),Hospital Universitario Infanta Sofía,POINT (448317 4489868),24190.65739902023,1680101,168,CH0097
España,POINT (412743.8471284878 4497356.257259261),Hospital General de Villalba,POINT (415357 4500859),4370.1000718168125,0610601,61,CH0106
Estación Gascones - Buitrago,POINT (443345.4561908204 4542112.362933705),Hospital de La Fuenfría,POINT (409318 4512764),44935.44460341577,0640101,64,CH0028
Estación Transmisora Marina,POINT (482273.6323877252 4481019.008354994),Hospital Universitario Príncipe de Asturias,POINT (470500 4484537),12287.989453756369,1360101,136,CH0044
"Estación y La Venta, La",POINT (473736.21160408616 4487025.367204943),Hospital Universitario Príncipe de Asturias,POINT (470500 4484537),4082.283294071646,0830101,83,CH0044
"Estación y Pajares, La",POINT (401391.5603255159 4488382.828132699),Hospital de El Escorial,POINT (405350 4495659),8283.231356121147,1830101,183,CH0027
"Estación, La",POINT (419684.9686224742 4492238.100085202),Hospital Universitario HM Torrelodones,POINT (421655 4491526),2094.7816496667456,1350101,135,CH0087
"Estación, La",POINT (419684.9686224742 4492238.100085202),Hospital Universitario HM Torrelodones,POINT (421655 4491526),2094.7816496667456,1520401,152,CH0087
Estremera,POINT (490895.0549177215 4448199.102585003),Hospital Universitario del Sureste,POINT (461175 4460808),32284.144070027698,0550202,55,CH0100
Eurovillas,POINT (478308.371889964 4466254.748190355),HM Vallés,POINT (468864 4481428),17872.429350114955,1790101,179,CH0109
Eurovillas - Las Villas,POINT (477662.69949303486 4467489.075835529),HM Vallés,POINT (468864 4481428),16483.65007004248,1000601,100,CH0109
"Frailes, Los",POINT (462171.3845047462 4487079.451142531),Hospital Quirónsalud Valle del Henares,POINT (462638 4479586),7507.965106865405,0530301,53,
"Fresneda, La",POINT (431235.2662718723 4510548.48705396),Hospital General de Villalba,POINT (415357 4500859),18601.22305573824,1440301,144,CH0106
Fresnedillas de la Oliva,POINT (400836.5805579006 4482538.020250241),Hospital de El Escorial,POINT (405350 4495659),13875.556372769328,0560101,56,CH0027
"Fresno - Los Rodríguez-Vivero Comunidad, El",POINT (396001.6434592347 4462166.838023105),Hospital Virgen de La Poveda,POINT (391441 4456002),7668.422041944325,0080303,8,CH0045
Fresno de Torote,POINT (465103.81458824634 4493612.8039966775),Hospital Universitario Príncipe de Asturias,POINT (470500 4484537),10558.836829127082,0570102,57,CH0044
"Frontal, El",POINT (462345.1855032064 4512132.73077771),Hospital Universitario Infanta Sofía,POINT (448317 4489868),26315.551012970744,1630102,163,CH0097
Fuente Blanquilla,POINT (445551.53229026176 4530068.194167938),Hospital de La Fuenfría,POINT (409318 4512764),40153.50542643997,9010301,901,CH0028
Fuente Pila,POINT (415059.13531177264 4458941.498263118),Hospital Casaverde de Madrid,POINT (414487 4460030),1229.7051866901338,0961001,96,CH0108
Fuente el Saz de Jarama,POINT (456601.90935188934 4498557.053041282),Hospital Universitario Infanta Sofía,POINT (448317 4489868),12005.805500808234,0590101,59,CH0097
Fuente la Teja,POINT (418593.548966428 4493069.179791961),Hospital Universitario HM Torrelodones,POINT (421655 4491526),3428.39412863743,0610701,61,CH0087
Fuentidueña de Tajo,POINT (486307.13534698705 4440899.013137521),Hospital Universitario del Sureste,POINT (461175 4460808),32062.31409286654,0600101,60,CH0100
Galapagar,POINT (415869.2470933745 4492390.699284256),Hospital Universitario HM Torrelodones,POINT (421655 4491526),5850.0120981686105,0610801,61,CH0087
Gandullas,POINT (449416.8654837445 4540294.920968316),Hospital de La Fuenfría,POINT (409318 4512764),48640.2161019775,1140101,114,CH0028
Garganta de los Montes,POINT (442329.94803975074 4530439.421197114),Hospital de La Fuenfría,POINT (409318 4512764),37446.084279595576,0620301,62,CH0028
Gargantilla del Lozoya,POINT (439831.5801011026 4534799.650075276),Hospital de La Fuenfría,POINT (409318 4512764),37638.39057168135,0630101,63,CH0028
"Gasco, El",POINT (419785.12375337066 4491135.394437373),Hospital Universitario HM Torrelodones,POINT (421655 4491526),1910.238174486112,1520601,152,CH0087
Gascones,POINT (445977.2108834091 4540924.673580466),Hospital de La Fuenfría,POINT (409318 4512764),46226.84587011973,0640201,64,CH0028
"Granja - El Cruce, La",POINT (453910.61621030496 4485117.999956931),Hospital de Emergencias Enfermera Isabel Zendal,POINT (448562 4481662),6368.016258415485,1040501,104,
"Grifos, Los",POINT (427331.87047642964 4528929.651068198),Hospital de La Fuenfría,POINT (409318 4512764),24203.87993690889,1200401,120,CH0028
Griñón,POINT (427553.5177488351 4451829.773870446),Hospital Universitario Infanta Cristina,POINT (433368 4452286),5832.353395534241,0660101,66,CH0098
Guadalix de la Sierra,POINT (441061.99415290327 4514888.578003347),Hospital Universitario Infanta Sofía,POINT (448317 4489868),26051.188714969907,0670101,67,CH0097
Guadarrama,POINT (407832.0442442966 4503052.456695426),Hospital Guadarrama,POINT (408177 4502667),517.2729815501887,0680201,68,CH0043
"Guijo, El",POINT (413088.5335572405 4495650.234714792),Hospital General de Villalba,POINT (415357 4500859),5681.300537580525,0610901,61,CH0106
"Gurugú, El",POINT (470840.9563923051 4478131.925451928),HM Vallés,POINT (468864 4481428),3843.4963254210593,1720201,172,CH0109
"Herreras, Las",POINT (392006.55686107546 4497218.239654916),Hospital de El Escorial,POINT (405350 4495659),13434.236230734374,1350201,135,CH0027
"Hijosas, Las",POINT (478566.0657993738 4440340.860750246),Hospital Universitario del Sureste,POINT (461175 4460808),26858.014794600418,1800201,180,CH0100
"Hiruela, La",POINT (461759.764977511 4547480.668124971),Hospital Universitario Infanta Sofía,POINT (448317 4489868),59160.184742093596,0690101,69,CH0097
Horcajo de la Sierra,POINT (450827.9388076516 4546378.281040675),Hospital de La Fuenfría,POINT (409318 4512764),53413.43379428495,0700101,70,CH0028
Horcajuelo de la Sierra,POINT (454162.67774016707 4545599.706078546),Hospital de La Fuenfría,POINT (409318 4512764),55580.83046605283,0710101,71,CH0028
Hospital,POINT (405225.13764885266 4495853.129503348),Hospital de El Escorial,POINT (405350 4495659),230.8178303427805,1310401,131,CH0027
"Hospital, El",POINT (391440.057860513 4456044.9210783),Hospital Virgen de La Poveda,POINT (391441 4456002),42.931417275191514,1711001,171,CH0045
"Hoya, La",POINT (395561.68801992113 4491785.727269563),Hospital de El Escorial,POINT (405350 4495659),10526.78930461246,1350301,135,CH0027
"Hoya, La",POINT (395561.68801992113 4491785.727269563),Hospital de El Escorial,POINT (405350 4495659),10526.78930461246,1580301,158,CH0027
"Hoyas, Las",POINT (387265.93953884946 4454458.222351509),Hospital Virgen de La Poveda,POINT (391441 4456002),4451.334550698533,1711101,171,CH0045
Hoyo de Manzanares,POINT (423187.45750565955 4497192.442865277),Hospital Universitario HM Torrelodones,POINT (421655 4491526),5870.008581944119,0720301,72,CH0087
"Huelgas, Las",POINT (438217.1166869377 4516014.019753877),Hospital General de Villalba,POINT (415357 4500859),27427.35055890035,0850401,85,CH0106
"Hueros, Los",POINT (470112.5715226174 4477226.316813367),HM Vallés,POINT (468864 4481428),4383.271888432442,1720301,172,CH0109
Huertos Familiares,POINT (458085.61250857275 4470055.008243766),Hospital Universitario Rivas,POINT (455440.1119965698 4466009.00908506),4834.126824076326,0840201,84,
Humanes de Madrid,POINT (429885.9476048147 4457196.566890998),Hospital Universitario Fuenlabrada,POINT (430767 4459818),2765.5315706089123,0730101,73,CH0086
I.N.T.A.,POINT (458861.0871334229 4482596.516051887),Hospital Quirónsalud Valle del Henares,POINT (462638 4479586),4829.935579320136,1040601,104,
Iberdrola,POINT (448354.63045886514 4502371.278423347),Hospital Universitario Infanta Sofía,POINT (448317 4489868),12503.335050423888,1290401,129,CH0097
Industrial Borondo,POINT (468479.37170347525 4464609.094069588),Hospital Universitario del Sureste,POINT (461175 4460808),8234.206829342274,0330301,33,CH0100
Industrial Norte,POINT (448766.5948575444 4504720.178597309),Hospital Universitario Infanta Sofía,POINT (448317 4489868),14858.981951072046,1290701,129,CH0097
Industrial Sur,POINT (449196.05629523227 4501049.408314809),Hospital Universitario Infanta Sofía,POINT (448317 4489868),11215.90976571548,1290301,129,CH0097
Jardín de Serracines,POINT (465347.2855777725 4498678.805494142),Hospital Universitario Príncipe de Asturias,POINT (470500 4484537),15051.283285858708,0570301,57,CH0044
Javacruz,POINT (384519.10139541776 4469394.354020787),Hospital Virgen de La Poveda,POINT (391441 4456002),15075.404688107648,1330301,133,CH0045
Jirfa,POINT (406828.09144486627 4461595.754441221),Hospital Casaverde de Madrid,POINT (414487 4460030),7817.318416573854,1740201,174,CH0108
La Barranca,POINT (415794.1624822812 4510847.730076401),Hospital de La Fuenfría,POINT (409318 4512764),6753.722745049473,0930301,93,CH0028
"Lagunazos, Los",POINT (445554.42752393085 4521048.816053673),Hospital Universitario Infanta Sofía,POINT (448317 4489868),31302.956672789038,0290301,29,CH0097
Las Salinas y Casa Franco,POINT (419555.35749589157 4462125.821753535),Hospital Casaverde de Madrid,POINT (414487 4460030),5484.58900271958,1810501,181,CH0108
"Llanos, Los",POINT (442157.469378276 4540373.710469218),Hospital de La Fuenfría,POINT (409318 4512764),42903.69286251208,1820201,182,CH0028
Loeches,POINT (464537.22718018846 4470608.062114447),Hospital Universitario de Torrejón,POINT (462980 4479426),8954.383565839826,0750102,75,CH0104
Los Morales,POINT (400614.0941936998 4488910.055763405),Hospital de El Escorial,POINT (405350 4495659),8244.819713906365,1830601,183,CH0027
Los Prados,POINT (422267.4989956168 4490937.182374153),Hospital Universitario HM Torrelodones,POINT (421655 4491526),849.6241616970109,1521601,152,CH0087
Lozoya,POINT (433143.336225588 4534006.280345428),Hospital de La Fuenfría,POINT (409318 4512764),31919.917301522943,0760101,76,CH0028
Lozoyuela,POINT (447520.03714867524 4531116.011423283),Hospital Universitario Infanta Sofía,POINT (448317 4489868),41255.70986132341,9010402,901,CH0097
Madarcos,POINT (451091.9320931687 4544166.940246787),Hospital de La Fuenfría,POINT (409318 4512764),52260.94199943149,0780101,78,CH0028
"Malpuesta, La",POINT (403427.8557669362 4461836.104911272),Hospital Casaverde de Madrid,POINT (414487 4460030),11205.654203045466,1740301,174,CH0108
"Manantial, El",POINT (440094.6885971949 4517578.787770264),Hospital Universitario Infanta Sofía,POINT (448317 4489868),28904.915908082196,0280701,28,CH0097
"Manantiales I, Los",POINT (414736.2231074026 4467489.023684609),Hospital los Madrońos,POINT (415240 4472549),5084.992769890187,1410402,141,CH0088
"Manantiales II, Los",POINT (414038.0184933048 4467847.121205268),Hospital los Madrońos,POINT (415240 4472549),4853.083941452457,1410403,141,CH0088
Mancigordo,POINT (417366.86364561867 4460782.462123775),Hospital Casaverde de Madrid,POINT (414487 4460030),2976.5439464371925,0961101,96,CH0108
Manga de la Pedrera,POINT (396518.87807994435 4462114.604967409),Hospital Virgen de La Poveda,POINT (391441 4456002),7946.620997780768,0080304,8,CH0045
Manjirón,POINT (450795.02140086313 4534883.823149019),Hospital Universitario Infanta Sofía,POINT (448317 4489868),45083.97635354365,9020401,902,CH0097
Manzanares el Real,POINT (426801.23427807866 4509454.200062039),Hospital General de Villalba,POINT (415357 4500859),14312.510692328968,0820101,82,CH0106
Mariblanca,POINT (467986.0283243442 4475608.314288843),HM Vallés,POINT (468864 4481428),5885.539570837485,1540101,154,CH0109
Mataelpino,POINT (419760.9360326402 4509386.789874441),Hospital General de Villalba,POINT (415357 4500859),9597.804578246276,0230301,23,CH0106
Mazacorta,POINT (449805.3424633641 4528523.94759246),Hospital Universitario Infanta Sofía,POINT (448317 4489868),38684.589277375526,9010501,901,CH0097
Meco,POINT (472097.220524411 4488966.41043996),Hospital Universitario Príncipe de Asturias,POINT (470500 4484537),4708.586863298159,0830201,83,CH0044
Mejorada del Campo,POINT (458860.0664251913 4471416.944232171),Hospital Universitario Henares,POINT (454788 4474348),5017.251527010732,0840101,84,CH0096
"Mirador de Baztán, El",POINT (478908.1875964448 4469618.507796681),HM Vallés,POINT (468864 4481428),15503.219361566109,1000201,100,CH0109
"Mirador, El",POINT (475783.4266036051 4475193.455587791),HM Vallés,POINT (468864 4481428),9313.86109787348,1640501,164,CH0109
"Mirador, El",POINT (475783.4266036051 4475193.455587791),HM Vallés,POINT (468864 4481428),9313.86109787348,1721001,172,CH0109
Miraflores de la Sierra,POINT (435303.0159234394 4518151.705219538),Hospital General de Villalba,POINT (415357 4500859),26398.50762880231,0850201,85,CH0106
Miralcampo,POINT (455412.3091529699 4434707.5546394),Hospital Universitario del Tajo,POINT (447884 4434228),7543.5675482400675,0430301,43,CH0099
Miraval,POINT (460279.3568536924 4495761.440168704),Hospital Universitario Infanta Sofía,POINT (448317 4489868),13335.314713840611,1620301,162,CH0097
"Molar, El",POINT (450609.0780229504 4509602.860565831),Hospital Universitario Infanta Sofía,POINT (448317 4489868),19867.519805352702,0860101,86,CH0097
Molino Nuevo,POINT (391300.33258292323 4492993.939249203),Hospital de El Escorial,POINT (405350 4495659),14300.19941594904,1351301,135,CH0027
"Molinos, Los",POINT (409148.6683884647 4507334.021858884),Hospital Casta Guadarrama,POINT (406611 4503728),4409.439249673649,0870102,87,CH0103
Monte Acevedo,POINT (477354.117983022 4470401.3448452605),HM Vallés,POINT (468864 4481428),13916.509162400496,1000301,100,CH0109
Montehermoso,POINT (466341.7197181277 4465030.165335996),Hospital Universitario del Sureste,POINT (461175 4460808),6672.456277127359,0330201,33,CH0100
Montejo de la Sierra,POINT (455370.96773784293 4545449.882609162),Hospital Universitario Infanta Sofía,POINT (448317 4489868),56027.708638004675,0880101,88,CH0097
Montellano,POINT (417961.55753586884 4506863.226421231),Hospital General de Villalba,POINT (415357 4500859),6544.803654431844,0180401,18,CH0106
Montemorillo,POINT (406843.18965034885 4489375.276050645),Hospital de El Escorial,POINT (405350 4495659),6458.699714618063,1601501,160,CH0027
Montenebro,POINT (446883.7052696205 4509585.332779297),Hospital Universitario Infanta Sofía,POINT (448317 4489868),19769.358758281986,1080201,108,CH0097
"Monteros, Los",POINT (397922.5373606879 4463426.5606689425),Hospital Virgen de La Poveda,POINT (391441 4456002),9855.679970697174,0080102,8,CH0045
Montes de la Villa,POINT (421058.57236300694 4469121.620569769),Hospital Rey Juan Carlos,POINT (426034 4465740),6015.8322656837045,1810302,181,CH0105
Moraleja de Enmedio,POINT (427090.5779063509 4457221.064517109),Hospital Universitario Fuenlabrada,POINT (430767 4459818),4501.128004508538,0890201,89,CH0086
Moralzarzal,POINT (418122.9379602957 4503541.30604798),Hospital General de Villalba,POINT (415357 4500859),3852.9441386079643,0900101,90,CH0106
Morata de Tajuña,POINT (462892.3608749928 4453334.160682649),Hospital Universitario del Sureste,POINT (461175 4460808),7668.611511644884,0910101,91,CH0100
"Morro, El",POINT (391577.1303049714 4468693.119107091),Hospital Virgen de La Poveda,POINT (391441 4456002),12691.849181671618,0990101,99,CH0045
Navacerrada,POINT (414377.19900303474 4509054.582943566),Hospital de La Fuenfría,POINT (409318 4512764),6273.377834218986,0930101,93,CH0028
Navalafuente,POINT (443595.2573542982 4518973.038859055),Hospital Universitario Infanta Sofía,POINT (448317 4489868),29485.558170049328,0940101,94,CH0097
Navalagamella,POINT (404959.4881561748 4480473.447833069),Hospital los Madrońos,POINT (415240 4472549),12980.207903961225,0950102,95,CH0088
Navalcarnero,POINT (414650.39295559045 4460667.200230089),Hospital Casaverde de Madrid,POINT (414487 4460030),657.8156209471443,0960301,96,CH0108
Navalespino,POINT (392898.6467141596 4493966.329938264),Hospital de El Escorial,POINT (405350 4495659),12565.879618502942,1350501,135,CH0027
Navallera,POINT (425584.48043009354 4498094.51833379),Hospital Universitario HM Torrelodones,POINT (421655 4491526),7654.1655032944,0720401,72,CH0087
Navalquejigo,POINT (411170.36796484207 4495663.625669151),Hospital de El Escorial,POINT (405350 4495659),5820.369802939918,0540601,54,CH0027
Navarredonda,POINT (412281.6325140617 4482516.739867337),Hospital los Madrońos,POINT (415240 4472549),10397.488939390958,0970101,97,CH0088
Navarredonda,POINT (412281.6325140617 4482516.739867337),Hospital los Madrońos,POINT (415240 4472549),10397.488939390958,1600301,160,CH0088
Navas de Buitrago,POINT (449670.160031029 4531760.520455579),Hospital Universitario Infanta Sofía,POINT (448317 4489868),41914.36880343902,9010101,901,CH0097
Navas del Rey,POINT (393803.6507218379 4471381.115525171),Hospital Virgen de La Poveda,POINT (391441 4456002),15559.540892004548,0990201,99,CH0045
"Navata, La",POINT (416470.84217078786 4494209.7702840995),Hospital Universitario HM Torrelodones,POINT (421655 4491526),5837.646386686768,0612101,61,CH0087
"Negrales - Los Llanos, Los",POINT (413398.1050481488 4499576.68735419),Hospital General de Villalba,POINT (415357 4500859),2341.280665360679,0101801,10,CH0106
"Negrales, Los",POINT (412852.8445436944 4498827.39303861),Hospital General de Villalba,POINT (415357 4500859),3224.6273265159525,0680801,68,CH0106
"Nogal, El",POINT (455598.52485366724 4493870.817878632),Hospital Universitario Infanta Sofía,POINT (448317 4489868),8309.221092501315,0090501,9,CH0097
"Nube, La",POINT (428702.8454287912 4448446.045985928),Hospital Universitario Infanta Cristina,POINT (433368 4452286),6042.260669936347,0500201,50,CH0098
Nuevo Baztán,POINT (479217.583566061 4468541.65462147),HM Vallés,POINT (468864 4481428),16530.41408659127,1000401,100,CH0109
Nuevo Chinchón,POINT (461967.3952660355 4443281.679402764),Centro San Juan de Dios,POINT (447682 4445737),14494.86519916903,0520201,52,CH0004
"Olivos, Los",POINT (407535.65391349595 4461727.903777861),Hospital Casaverde de Madrid,POINT (414487 4460030),7155.703295500031,0170401,17,CH0108
"Olivos, Los",POINT (407535.65391349595 4461727.903777861),Hospital Casaverde de Madrid,POINT (414487 4460030),7155.703295500031,1740401,174,CH0108
Olmeda de las Fuentes,POINT (481191.6788653374 4468732.305860502),HM Vallés,POINT (468864 4481428),17696.110190959407,1010101,101,CH0109
Orusco,POINT (482130.7921463948 4459391.272224518),Hospital Universitario del Sureste,POINT (461175 4460808),21003.626879011274,1020101,102,CH0100
Oteruelo del Valle,POINT (428046.49890595523 4529595.030591693),Hospital de La Fuenfría,POINT (409318 4512764),25180.15611645139,1200101,120,CH0028
"Pajarillas, Las",POINT (440774.09027626767 4532789.485211872),Hospital de La Fuenfría,POINT (409318 4512764),37289.48475696048,0620501,62,CH0028
Paracuellos de Jarama,POINT (456146.0488360527 4483651.644568949),Hospital Monográfico Asepeyo,POINT (454923 4476355),7398.437025544174,1040201,104,CH0042
"Paradilla, La",POINT (394756.7610198967 4490617.136913673),Hospital de El Escorial,POINT (405350 4495659),11731.883713660236,1350601,135,CH0027
Paraje del Arzobispo,POINT (465494.6362223415 4499433.999737653),Hospital Universitario Príncipe de Asturias,POINT (470500 4484537),15715.41497162349,1220201,122,CH0044
"Paraíso, El",POINT (410039.22053451795 4486570.33814429),Hospital de El Escorial,POINT (405350 4495659),10227.050579163968,1600601,160,CH0027
Paredes de Buitrago,POINT (452865.5055741383 4539598.328199369),Hospital Universitario Infanta Sofía,POINT (448317 4489868),49937.90590097779,9020101,902,CH0097
Parque de las Colinas,POINT (423776.441944725 4495215.611940719),Hospital Universitario HM Torrelodones,POINT (421655 4491526),4256.0253991178415,0720501,72,CH0087
Parquelagos,POINT (418224.98442856374 4494368.879633394),Hospital Universitario HM Torrelodones,POINT (421655 4491526),4454.9939876796725,0612001,61,CH0087
Patones de Abajo,POINT (459132.3104555034 4522789.382150057),Hospital Universitario Infanta Sofía,POINT (448317 4489868),34652.39303307923,1070301,107,CH0097
Patones de Arriba,POINT (458484.6397003468 4524013.547690779),Hospital Universitario Infanta Sofía,POINT (448317 4489868),35627.227287277485,1070401,107,CH0097
"Patuelo, El",POINT (441571.1019703084 4538845.730759436),Hospital de La Fuenfría,POINT (409318 4512764),41479.14254314855,0970301,97,CH0028
"Paular, El",POINT (425281.4537323508 4526915.238161779),Hospital de La Fuenfría,POINT (409318 4512764),21332.82439285278,1200203,120,CH0028
"Pedregal, El",POINT (440911.6362778344 4523842.86253375),Hospital de La Fuenfría,POINT (409318 4512764),33479.83046996841,0280901,28,CH0028
Pedrezuela,POINT (449282.2828851984 4510549.27894165),Hospital Universitario Infanta Sofía,POINT (448317 4489868),20703.793606747302,1080301,108,CH0097
Pelayos de la Presa,POINT (386947.1623401441 4468712.437294441),Hospital Virgen de La Poveda,POINT (391441 4456002),13481.461090292209,1090101,109,CH0045
Peralejo,POINT (404605.2115934953 4488418.653607326),Hospital de El Escorial,POINT (405350 4495659),7278.552442373183,0540701,54,CH0027
Perales de Milla,POINT (406680.1507404594 4473210.093244795),Hospital los Madrońos,POINT (415240 4472549),8585.340041277996,1190101,119,CH0088
Perales de Tajuña,POINT (470062.32839232293 4453714.337681782),Hospital Universitario del Sureste,POINT (461175 4460808),11371.22029677946,1100101,110,CH0100
"Perdigones, Los",POINT (457364.7046127907 4513259.41313357),Hospital Universitario Infanta Sofía,POINT (448317 4489868),25080.254527130804,1450801,145,CH0097
"Pesquera, La",POINT (441901.20001105726 4523923.04407056),Hospital de La Fuenfría,POINT (409318 4512764),34441.09736244262,0281302,28,CH0028
Pezuela de las Torres,POINT (484943.34604503657 4474227.0393536445),HM Vallés,POINT (468864 4481428),17618.14983096676,1110101,111,CH0109
Peña Rosal,POINT (401997.6482766312 4487445.556009821),Hospital de El Escorial,POINT (405350 4495659),8871.241415776421,1830201,183,CH0027
Peña Rubia,POINT (491603.2011321375 4443902.050387477),Hospital Universitario del Sureste,POINT (461175 4460808),34809.288364443695,0550401,55,CH0100
Peña de las Gallinas,POINT (423880.6951484052 4507611.710013509),Hospital General de Villalba,POINT (415357 4500859),10874.395224999344,0230501,23,CH0106
"Peñascales, Los",POINT (423906.9084697475 4492050.689412253),Hospital Universitario HM Torrelodones,POINT (421655 4491526),2312.2263590425114,1521101,152,CH0087
Peñáguila,POINT (453335.33915854216 4527507.583089477),Hospital Universitario Infanta Sofía,POINT (448317 4489868),37972.64730118022,0210201,21,CH0097
"Pimpollar, El",POINT (391193.97108527133 4491467.051053973),Hospital de El Escorial,POINT (405350 4495659),14763.65776495553,1350801,135,CH0027
"Pinar, El",POINT (426882.2578880781 4449365.375801349),Hospital Universitario Infanta Cristina,POINT (433368 4452286),7113.008959090555,0500301,50,CH0098
"Pinarejos, Los",POINT (437037.1265390366 4512558.695580495),Hospital General de Villalba,POINT (415357 4500859),24635.558922518536,0850301,85,CH0106
Pinilla de Buitrago,POINT (441773.11497513694 4536836.835629861),Hospital de La Fuenfría,POINT (409318 4512764),40408.36427414078,0630201,63,CH0028
Pinilla del Valle,POINT (430970.06968078326 4530949.013706494),Hospital de La Fuenfría,POINT (409318 4512764),28275.55207183182,1120101,112,CH0028
Pino Alto,POINT (411311.98472761916 4485195.391056504),Hospital de El Escorial,POINT (405350 4495659),12042.938761563619,1600801,160,CH0027
Pinosol,POINT (404963.1134627788 4490193.459761689),Hospital de El Escorial,POINT (405350 4495659),5479.216302472017,0540801,54,CH0027
Piscis,POINT (441407.7485121788 4517540.908027321),Hospital Universitario Infanta Sofía,POINT (448317 4489868),28522.40513719929,0940501,94,CH0097
"Pizarra, La",POINT (405464.16660532635 4496916.386501006),Hospital de El Escorial,POINT (405350 4495659),1262.5588408796946,1311001,131,CH0027
"Pizarrera, La",POINT (408888.2996921379 4489012.297963302),Hospital de El Escorial,POINT (405350 4495659),7529.82155671921,1600901,160,CH0027
Piñuécar,POINT (449478.7475262822 4542591.249419678),Hospital de La Fuenfría,POINT (409318 4512764),50025.497996656304,1140201,114,CH0028
"Plantío, El",POINT (405167.4526892505 4479732.123490118),Hospital los Madrońos,POINT (415240 4472549),12371.478181752476,0950103,95,CH0088
Poblado de Abajo,POINT (449665.58259728696 4457891.778036909),Hospital Universitario Rivas,POINT (455440.1119965698 4466009.00908506),9961.6579780801,1320501,132,
Poblado de Arriba,POINT (449636.2981789641 4458701.785574823),Hospital Universitario Rivas,POINT (455440.1119965698 4466009.00908506),9331.654208016755,1320502,132,
Poblado del Atazar,POINT (460658.07898433605 4528857.613308652),Hospital Universitario Infanta Sofía,POINT (448317 4489868),40896.11444203297,1070201,107,CH0097
"Pocillo, El",POINT (414357.61671283655 4496530.755766087),Hospital General de Villalba,POINT (415357 4500859),4442.123940533506,0611701,61,CH0106
Polígono de San Fernando de Henares,POINT (457647.71917540143 4477820.739931413),Hospital Monográfico Asepeyo,POINT (454923 4476355),3093.9437828342616,1300801,130,CH0042
"Ponderosa I, La",POINT (420877.9505306795 4508900.885333615),Hospital General de Villalba,POINT (415357 4500859),9754.63041233382,0230601,23,CH0106
"Ponderosa II, La",POINT (420906.27147638344 4507638.394546003),Hospital General de Villalba,POINT (415357 4500859),8760.9705129614,0230701,23,CH0106
"Ponderosa de la Sierra, La",POINT (420453.07550465176 4508280.5538733825),Hospital General de Villalba,POINT (415357 4500859),9002.746661137955,0820201,82,CH0106
Pozuelo del Rey,POINT (472951.54476491606 4468551.461055369),HM Vallés,POINT (468864 4481428),13509.747495708,1160101,116,CH0109
"Practicante, El",POINT (468620.92903924896 4494246.579042023),Hospital Universitario Príncipe de Asturias,POINT (470500 4484537),9889.733709702756,0320401,32,CH0044
Pradera del Amor,POINT (450747.0215334751 4525595.138415121),Hospital Universitario Infanta Sofía,POINT (448317 4489868),35809.68338293896,0210401,21,CH0097
"Praderas, Las",POINT (420152.2170747658 4506834.7554924255),Hospital General de Villalba,POINT (415357 4500859),7661.837932205269,0900501,90,CH0106
Prado Concejil,POINT (465226.4458558375 4472021.485211649),Hospital Universitario de Torrejón,POINT (462980 4479426),7737.787683447926,0750901,75,CH0104
Prado Gamonal,POINT (442228.46740784834 4538161.55119586),Hospital de La Fuenfría,POINT (409318 4512764),41570.836793951756,0970401,97,CH0028
Prado Gustar,POINT (443916.36314479203 4532892.689205548),Hospital de La Fuenfría,POINT (409318 4512764),40027.62622779972,0620202,62,CH0028
Prado Norte,POINT (454103.4277752367 4495563.1066362215),Hospital Universitario Infanta Sofía,POINT (448317 4489868),8118.927638300847,0090601,9,CH0097
Prado de Arriba,POINT (469218.29768325307 4455383.92287362),Hospital Universitario del Sureste,POINT (461175 4460808),9701.301474253005,1100301,110,CH0100
Presa de Puentes Viejas,POINT (451894.1517179147 4537920.752368134),Hospital Universitario Infanta Sofía,POINT (448317 4489868),48185.71390532915,9020501,902,CH0097
"Presa, La",POINT (490915.2041040124 4443300.790645394),Hospital Universitario del Sureste,POINT (461175 4460808),34510.60879692411,0550404,55,CH0100
Prádena del Rincón,POINT (454652.68582701765 4543800.8886175575),Hospital Universitario Infanta Sofía,POINT (448317 4489868),54303.751155261205,1170101,117,CH0097
Puebla de la Sierra,POINT (462540.1339004436 4540269.0152404),Hospital Universitario Infanta Sofía,POINT (448317 4489868),52369.455555819855,1180101,118,CH0097
Puerto de Navacerrada,POINT (415411.17195744877 4515437.787536349),Hospital de La Fuenfría,POINT (409318 4512764),6654.012645958532,0380301,38,CH0028
Quijorna,POINT (410408.0932025051 4475815.136855714),Hospital los Madrońos,POINT (415240 4472549),5832.235699963698,1190202,119,CH0088
Quintana,POINT (456002.3193412648 4479418.2924134005),Hospital Monográfico Asepeyo,POINT (454923 4476355),3247.8747898318397,1300900,130,CH0042
"Rabusera, La",POINT (448554.13808864314 4521972.815964966),Hospital Universitario Infanta Sofía,POINT (448317 4489868),32105.691747997367,0300701,30,CH0097
"Rancajales, Los",POINT (436803.60098329704 4509593.613208147),Hospital Hestia Madrid,POINT (440600 4487873),22049.890785034353,1440201,144,CH0072
"Ranchos, Los",POINT (416052.7877574996 4489159.465723258),Hospital Universitario HM Torrelodones,POINT (421655 4491526),6081.551322895659,0611501,61,CH0087
Rascafría,POINT (425913.1452211378 4528435.370359376),Hospital de La Fuenfría,POINT (409318 4512764),22825.22056522967,1200204,120,CH0028
"Raya de Velilla, La",POINT (458595.5514472557 4470001.478648304),Hospital Universitario Rivas,POINT (455440.1119965698 4466009.00908506),5088.871322835164,0840501,84,
"Raya del Palancar - Guadamonte, La",POINT (418023.44646630465 4474922.024312122),Hospital los Madrońos,POINT (415240 4472549),3657.7067428519977,1760603,176,CH0088
Reajo del Roble,POINT (414207.8536570734 4507282.563671754),Hospital General de Villalba,POINT (415357 4500859),6525.5427025294985,0460601,46,CH0106
Redondo de Abajo,POINT (445602.66050077794 4539521.090372673),Hospital de La Fuenfría,POINT (409318 4512764),45083.46118997651,0640401,64,CH0028
Redondo de Arriba,POINT (445160.15790079924 4539898.979287781),Hospital de La Fuenfría,POINT (409318 4512764),44955.17082532464,0640501,64,CH0028
Redueña,POINT (449132.4076352802 4518616.115729672),Hospital Universitario Infanta Sofía,POINT (448317 4489868),28759.677460261657,1210101,121,CH0097
"Retiro de Torremocha, El",POINT (458349.14927964634 4521318.014566336),Hospital Universitario Infanta Sofía,POINT (448317 4489868),33011.322836139785,1530501,153,CH0097
Ribatejada,POINT (467001.08828891546 4502002.698027297),Hospital Universitario Príncipe de Asturias,POINT (470500 4484537),17812.71991422669,1220101,122,CH0044
Robledillo de la Jara,POINT (455776.09994481166 4533598.969302537),Hospital Universitario Infanta Sofía,POINT (448317 4489868),44362.55006338247,1240101,124,CH0097
Robledo de Chavela,POINT (394290.41264497815 4485253.146091722),Hospital de El Escorial,POINT (405350 4495659),15185.396538246368,1250201,125,CH0027
Robledondo,POINT (397891.5855127051 4492452.663262642),Hospital de El Escorial,POINT (405350 4495659),8118.4075986379385,1350901,135,CH0027
"Robles, Los",POINT (422003.95160329214 4493094.425859508),Hospital Universitario HM Torrelodones,POINT (421655 4491526),1606.7753104320125,1521201,152,CH0087
Robregordo,POINT (450066.19196658576 4550485.9453432225),Hospital de La Fuenfría,POINT (409318 4512764),55528.013732014464,1260101,126,CH0028
"Rocha, La",POINT (390651.22511775314 4469679.284339822),Hospital Virgen de La Poveda,POINT (391441 4456002),13700.067564686145,0990401,99,CH0045
Roncesvalles,POINT (417950.9165192591 4490203.752488191),Hospital Universitario HM Torrelodones,POINT (421655 4491526),3933.0106680229155,0611601,61,CH0087
"Rosales, Los",POINT (447026.0889194313 4516206.730813291),Hospital Universitario Infanta Sofía,POINT (448317 4489868),26370.346836417146,1690301,169,CH0097
Rozas de Puerto Real,POINT (373224.4310751726 4463113.191655008),Hospital Virgen de La Poveda,POINT (391441 4456002),19555.36832041892,1280201,128,CH0045
Río Guadarrama,POINT (419751.157163118 4459369.535745292),Hospital Casaverde de Madrid,POINT (414487 4460030),5305.427755587075,0150301,15,CH0108
"Río, El",POINT (391937.9324666859 4484876.771366547),Hospital de El Escorial,POINT (405350 4495659),17208.71900584803,1590201,159,CH0027
"Salmueros, Los",POINT (427475.97291891224 4449317.140386219),Hospital Universitario Infanta Cristina,POINT (433368 4452286),6597.735257693397,0500801,50,CH0098
San Agustín del Guadalix,POINT (447872.44004306174 4504521.246114526),Hospital Universitario Infanta Sofía,POINT (448317 4489868),14659.988241747762,1290101,129,CH0097
San Fernando de Henares,POINT (455225.54115894856 4474968.469104947),Hospital Universitario Henares,POINT (454788 4474348),759.2260374666243,1300201,130,CH0096
San Juan,POINT (389419.21790210245 4469574.38359731),Hospital Virgen de La Poveda,POINT (391441 4456002),13722.142666650148,0990301,99,CH0045
San Lorenzo de El Escorial,POINT (403157.0661764143 4494345.916615478),Hospital de El Escorial,POINT (405350 4495659),2556.002098851741,1310201,131,CH0027
San Mamés,POINT (440437.34825095505 4538075.480788363),Hospital de La Fuenfría,POINT (409318 4512764),40113.40044503701,0970201,97,CH0028
San Martín de Valdeiglesias,POINT (381076.3687922609 4469089.21318811),Hospital Virgen de La Poveda,POINT (391441 4456002),16694.332244911082,1330401,133,CH0045
San Martín de la Vega,POINT (450818.8025018065 4451315.909719359),Centro San Juan de Dios,POINT (447682 4445737),6400.294023878859,1320701,132,CH0004
San Muriel,POINT (422054.8706609298 4506338.484607213),Hospital General de Villalba,POINT (415357 4500859),8653.682623671304,0231101,23,CH0106
San Ramón,POINT (385210.2618784889 4471050.591087649),Hospital Virgen de La Poveda,POINT (391441 4456002),16287.485725614933,1330101,133,CH0045
Santa Ana,POINT (392954.29720721894 4467966.8237318825),Hospital Virgen de La Poveda,POINT (391441 4456002),12060.144085888662,0990501,99,CH0045
Santa Cruz del Valle de los Caídos,POINT (402366.47133450396 4499500.880859493),Hospital de El Escorial,POINT (405350 4495659),4864.3079504054185,1310101,131,CH0027
Santa María de la Alameda,POINT (393451.5959013105 4494826.195827285),Hospital de El Escorial,POINT (405350 4495659),11927.513692543089,1351001,135,CH0027
Santa María del Buen Aire,POINT (402162.8888686976 4492806.257192618),Hospital de El Escorial,POINT (405350 4495659),4277.361206204125,1310501,131,CH0027
Santo Domingo,POINT (451106.22352160135 4498231.12164026),Hospital Universitario Infanta Sofía,POINT (448317 4489868),8815.983860196484,0090801,9,CH0097
Santorcaz,POINT (480283.57899122796 4480248.01347023),Hospital Universitario Príncipe de Asturias,POINT (470500 4484537),10682.407187995981,1360201,136,CH0044
"Santos de la Humosa, Los",POINT (478524.57266839896 4483328.546879296),Hospital Universitario Príncipe de Asturias,POINT (470500 4484537),8115.055480731751,1370101,137,CH0044
"Serna del Monte, La",POINT (447458.18303535547 4542411.759024377),Hospital de La Fuenfría,POINT (409318 4512764),48308.00324105669,1380101,138,CH0028
Serracines,POINT (466181.90140343644 4496881.439815889),Hospital Universitario Príncipe de Asturias,POINT (470500 4484537),13077.888585614752,0570201,57,CH0044
Serrada de la Fuente,POINT (454921.46504363505 4537900.519728939),Hospital Universitario Infanta Sofía,POINT (448317 4489868),48484.45018790577,9020201,902,CH0097
"Serranilla, La",POINT (410163.7045756998 4505725.152031699),Hospital Guadarrama,POINT (408177 4502667),3646.819013893134,0680703,68,CH0043
Serranillos del Valle,POINT (425152.23369187495 4450932.300817478),Hospital Universitario Infanta Cristina,POINT (433368 4452286),8326.542950497658,1400101,140,CH0098
Serranía de la Paloma,POINT (414938.96942583506 4506595.057811741),Hospital General de Villalba,POINT (415357 4500859),5751.270188451344,0460701,46,CH0106
Sevilla la Nueva,POINT (412714.5761688387 4466893.187467654),Hospital los Madrońos,POINT (415240 4472549),6194.027843660114,1410601,141,CH0088
Sierra de Tajuña,POINT (484961.99450736627 4463467.674952187),Hospital Universitario del Sureste,POINT (461175 4460808),23935.22463952996,0110201,11,CH0100
Sieteiglesias,POINT (450684.0630862382 4529288.5956074055),Hospital Universitario Infanta Sofía,POINT (448317 4489868),39491.59841911735,9010201,901,CH0097
Silillos,POINT (454906.29622543335 4503608.535176479),Hospital Universitario Infanta Sofía,POINT (448317 4489868),15238.80348592284,1640101,164,CH0097
"Sima, La",POINT (445900.9000051442 4504413.504086399),Hospital Universitario Infanta Sofía,POINT (448317 4489868),14744.803434179968,1290801,129,CH0097
"Sobaco, El",POINT (439647.32121149043 4532909.765887992),Hospital de La Fuenfría,POINT (409318 4512764),36410.432685750435,0630701,63,CH0028
Sococar,POINT (441947.92487903574 4518027.847972364),Hospital Universitario Infanta Sofía,POINT (448317 4489868),28871.130142811315,0940601,94,CH0097
"Solanilla, La",POINT (441957.91924838576 4539161.250365992),Hospital de La Fuenfría,POINT (409318 4512764),41978.31768217983,0970501,97,CH0028
"Solanilla, La",POINT (441957.91924838576 4539161.250365992),Hospital de La Fuenfría,POINT (409318 4512764),41978.31768217983,1820701,182,CH0028
Somosierra,POINT (451190.0675800044 4553680.022252398),Hospital de La Fuenfría,POINT (409318 4512764),58543.92300130861,1430101,143,CH0028
Soto Mora,POINT (404475.9334182455 4494779.739447572),Hospital de El Escorial,POINT (405350 4495659),1239.7949461082183,0540402,54,CH0027
Soto de Aldovea,POINT (462597.4447327879 4476181.828987793),Hospital Universitario de Torrejón,POINT (462980 4479426),3266.648755057006,1301001,130,CH0104
Soto del Real,POINT (434140.6643174223 4511828.389205603),Hospital General de Villalba,POINT (415357 4500859),21752.092881688473,1440101,144,CH0106
"Soto, El",POINT (427604.2567902325 4449948.733250263),Hospital Universitario Infanta Cristina,POINT (433368 4452286),6219.61024884731,0500401,50,CH0098
Tablada,POINT (404745.40330660885 4506765.660733211),Hospital Casta Guadarrama,POINT (406611 4503728),3564.8048687807745,0680301,68,CH0103
Talamanca de Jarama,POINT (456742.20299519855 4510559.4764308175),Hospital Universitario Infanta Sofía,POINT (448317 4489868),22341.021516425317,1450401,145,CH0097
"Tercio de la Laguna, El",POINT (442481.46149433375 4539366.786583084),Hospital de La Fuenfría,POINT (409318 4512764),42514.978916509586,1820401,182,CH0028
"Tesoro, El",POINT (457320.29438085045 4511742.240226204),Hospital Universitario Infanta Sofía,POINT (448317 4489868),23654.633693674397,1450802,145,CH0097
Tielmes,POINT (473515.8203352489 4455182.356098193),Hospital Universitario del Sureste,POINT (461175 4460808),13562.585146528436,1460101,146,CH0100
Titulcia,POINT (451412.49142228434 4443186.846346819),Centro San Juan de Dios,POINT (447682 4445737),4518.832803564457,1470101,147,CH0004
"Tomillares, Los",POINT (454559.61460164166 4523024.545498093),Hospital Universitario Infanta Sofía,POINT (448317 4489868),33739.09818640264,1510201,151,CH0097
"Tomillares, Los",POINT (454559.61460164166 4523024.545498093),Hospital Universitario Infanta Sofía,POINT (448317 4489868),33739.09818640264,1530601,153,CH0097
"Tomilleras, Las",POINT (447864.04807610775 4532721.1760998685),Hospital Universitario Infanta Sofía,POINT (448317 4489868),42855.56985144052,9010901,901,CH0097
Torrejón de Velasco,POINT (433969.5997463279 4448859.3187587205),Hospital Universitario Infanta Cristina,POINT (433368 4452286),3479.0899074497047,1500101,150,CH0098
Torrejón de la Calzada,POINT (431755.8895590355 4450132.399007219),Hospital Universitario Infanta Cristina,POINT (433368 4452286),2690.1481947979373,1490101,149,CH0098
Torrelaguna,POINT (454729.67932085425 4519640.684842937),Hospital Universitario Infanta Sofía,POINT (448317 4489868),30455.46287333266,1510102,151,CH0097
Torrelodones,POINT (421561.45979050396 4492293.162188895),Hospital Universitario HM Torrelodones,POINT (421655 4491526),772.8438360126859,1521401,152,CH0087
Torremocha de Jarama,POINT (458476.8951468536 4520823.45658976),Hospital Universitario Infanta Sofía,POINT (448317 4489868),32580.112984389587,1530201,153,CH0097
Torres de la Alameda,POINT (468457.6068043078 4473019.614024472),HM Vallés,POINT (468864 4481428),8418.201122743134,1540201,154,CH0109
Umbría de los Gallegos,POINT (393189.9698999045 4490368.297675096),Hospital de El Escorial,POINT (405350 4495659),13261.141094414479,1351401,135,CH0027
Urbanización Los Llanos,POINT (424878.2136285746 4449138.238969265),Hospital Universitario Infanta Cristina,POINT (433368 4452286),9054.549803223612,1400102,140,CH0098
Vaciasilos,POINT (431869.47249682853 4448996.053299109),Hospital Universitario Infanta Cristina,POINT (433368 4452286),3615.1533815955754,1490301,149,CH0098
Valbosque,POINT (453531.1731285508 4447129.808077955),Centro San Juan de Dios,POINT (447682 4445737),6012.714913396174,0520901,52,CH0004
Valdaracete,POINT (483456.3095334206 4451111.191396049),Hospital Universitario del Sureste,POINT (461175 4460808),24299.894066142624,1550101,155,CH0100
Valdeavero,POINT (471850.2422624424 4497973.066990186),Hospital Universitario Príncipe de Asturias,POINT (470500 4484537),13503.742086253864,1560101,156,CH0044
Valdecelada,POINT (460705.58127679134 4473369.82470406),Hospital Universitario Henares,POINT (454788 4474348),5997.882549451777,0840601,84,CH0096
Valdefuentes,POINT (423749.3509707834 4461253.850549438),Hospital  Universitario de Móstoles,POINT (425435 4463137),2527.3829355384064,0150401,15,CH0032
Valdelagua,POINT (413604.9744922267 4468629.199188519),Hospital los Madrońos,POINT (415240 4472549),4247.133952767942,1290901,129,CH0088
Valdelagua,POINT (413604.9744922267 4468629.199188519),Hospital los Madrońos,POINT (415240 4472549),4247.133952767942,1410701,141,CH0088
Valdelaguna,POINT (468712.23255468725 4445680.781869483),Hospital Universitario del Sureste,POINT (461175 4460808),16900.964556843315,1570101,157,CH0100
Valdeláguila - El Robledal - El Mirador,POINT (476364.0180558341 4476598.859298392),HM Vallés,POINT (468864 4481428),8920.250599269211,1720801,172,CH0109
Valdemanco,POINT (444085.71848935855 4524750.113918674),Hospital Universitario Infanta Sofía,POINT (448317 4489868),35137.80890519013,1580101,158,CH0097
Valdemaqueda,POINT (390177.9690929428 4485210.039356174),Hospital de El Escorial,POINT (405350 4495659),18422.03301432623,1590101,159,CH0027
Valdemorillo,POINT (409849.4583798713 4483796.891056677),Hospital los Madrońos,POINT (415240 4472549),12472.89028979335,1601202,160,CH0088
Valdencina,POINT (414209.01261187624 4501063.831446126),Hospital General de Villalba,POINT (415357 4500859),1166.1179033928427,0101701,10,CH0106
Valdeolmos,POINT (461342.90609934594 4498643.063621526),Hospital Universitario Infanta Sofía,POINT (448317 4489868),15705.921535229976,1620201,162,CH0097
Valdeperales,POINT (470299.56384551787 4451071.072638065),Hospital Universitario del Sureste,POINT (461175 4460808),13344.115550404144,1100401,110,CH0100
Valdepiélagos,POINT (460751.7327387008 4512344.67088987),Hospital Universitario Infanta Sofía,POINT (448317 4489868),25687.02615279665,1630101,163,CH0097
Valdetorres de Jarama,POINT (456653.8864742013 4505131.20602161),Hospital Universitario Infanta Sofía,POINT (448317 4489868),17391.639777255717,1640201,164,CH0097
Valdilecha,POINT (473993.7159363223 4460225.490851881),Hospital Universitario del Sureste,POINT (461175 4460808),12831.944325150625,1650101,165,CH0100
Valgrande,POINT (459060.2040602859 4450019.204330515),Hospital Universitario del Sureste,POINT (461175 4460808),10994.11087194081,0520601,52,CH0100
Valle de Fuenfría,POINT (409832.4938992608 4511106.776773643),Hospital de La Fuenfría,POINT (409318 4512764),1735.2500668072435,0380603,38,CH0028
Valle de San Juan - Los Vallejos,POINT (461702.785049969 4436480.21555897),Hospital Universitario del Tajo,POINT (447884 4434228),14001.117640435506,0431401,43,CH0099
Valle de los Caídos,POINT (403169.0661178926 4500237.665623097),Hospital Casta Guadarrama,POINT (406611 4503728),4901.973369102627,1310102,131,CH0103
"Valle de los Rosales, El",POINT (416830.5200287075 4475678.029874105),Hospital los Madrońos,POINT (415240 4472549),3510.068648155096,0260301,26,CH0088
Valle del Río,POINT (467425.90388731495 4496703.040867649),Hospital Universitario Príncipe de Asturias,POINT (470500 4484537),12548.410947340359,0570202,57,CH0044
Valle del Sol,POINT (400436.0170785756 4476621.69392778),Hospital los Madrońos,POINT (415240 4472549),15353.981443495337,0420201,42,CH0088
Vallefresnos - El Peñón,POINT (409568.8707976469 4504926.243133398),Hospital Guadarrama,POINT (408177 4502667),2653.579441649925,0680705,68,CH0043
Vallequillas Norte,POINT (454696.2955530997 4454417.33561196),Hospital Universitario del Sureste,POINT (461175 4460808),9100.230910853265,1321001,132,CH0100
Vallequillas Sur,POINT (454749.2519926726 4453482.176249615),Hospital Universitario del Sureste,POINT (461175 4460808),9744.636015540955,1321002,132,CH0100
Valquigoso,POINT (398011.76145466964 4472590.925405392),Hospital los Madrońos,POINT (415240 4472549),17228.289558584278,0510201,51,CH0088
Valromeroso,POINT (454493.4290935011 4449141.895468119),Centro San Juan de Dios,POINT (447682 4445737),7615.042970634382,0521101,52,CH0004
Valverde de Alcalá,POINT (474601.22130411543 4473904.005722409),HM Vallés,POINT (468864 4481428),9461.828479824413,1660101,166,CH0109
Vega del Pingarrón,POINT (453084.0636814295 4450515.469703361),Centro San Juan de Dios,POINT (447682 4445737),7212.216353116578,1320901,132,CH0004
Vega del Tajo,POINT (491270.6442777448 4444508.347825381),Hospital Universitario del Sureste,POINT (461175 4460808),34226.107951476406,0550403,55,CH0100
"Vegas - Santa María, Las",POINT (419995.3291390816 4482460.801075144),Hospital Universitario Puerta de Hierro Majadahonda,POINT (425900 4478099),7341.011278761536,1770401,177,CH0102
Velilla de San Antonio,POINT (458693.86860135506 4468908.467494813),Hospital Universitario Rivas,POINT (455440.1119965698 4466009.00908506),4358.186677170843,1670101,167,
"Vellón, El",POINT (450865.4694485443 4513118.219305756),Hospital Universitario Infanta Sofía,POINT (448317 4489868),23389.471868682558,1680201,168,CH0097
"Ventorrillo, El",POINT (413834.22192499274 4511996.28252744),Hospital de La Fuenfría,POINT (409318 4512764),4581.009778799727,0380302,38,CH0028
Venturada,POINT (447332.4332049089 4516842.020459222),Hospital Universitario Infanta Sofía,POINT (448317 4489868),26991.983096995773,1690101,169,CH0097
"Verdugal, El",POINT (441240.93765878596 4533167.74244693),Hospital de La Fuenfría,POINT (409318 4512764),37886.49699572915,0620601,62,CH0028
Villa del Prado,POINT (389095.18505114777 4459325.154817281),Hospital Virgen de La Poveda,POINT (391441 4456002),4067.702756332922,1710802,171,CH0045
Villaconejos,POINT (458557.7232189591 4439309.74954531),Hospital Universitario del Tajo,POINT (447884 4434228),11821.698092753097,1700101,170,CH0099
Villafranca del Castillo - La Mocha Chica,POINT (419872.7237410662 4480426.9221978355),Hospital Universitario Puerta de Hierro Majadahonda,POINT (425900 4478099),6461.2135749163,1760704,176,CH0102
Villalbilla,POINT (474449.37881382636 4475882.929243146),HM Vallés,POINT (468864 4481428),7870.467977982814,1720601,172,CH0109
Villamanrique de Tajo,POINT (479491.728928214 4435437.884475614),Hospital Universitario del Sureste,POINT (461175 4460808),31291.29783742384,1730301,173,CH0100
Villamanta,POINT (405473.20012642606 4461535.241932485),Hospital Casaverde de Madrid,POINT (414487 4460030),9138.618136028745,1740101,174,CH0108
Villamantilla,POINT (403984.5206419042 4466429.948248232),Hospital Casaverde de Madrid,POINT (414487 4460030),12298.837760019167,1750101,175,CH0108
Villanueva de Perales,POINT (406489.3301940461 4466850.080773072),Hospital los Madrońos,POINT (415240 4472549),10442.791887607433,1780101,178,CH0088
Villanueva de la Cañada,POINT (415710.5690117674 4477910.01280714),Hospital los Madrońos,POINT (415240 4472549),5381.62554560945,1760401,176,CH0088
Villanueva del Pardillo,POINT (418322.4452805891 4482882.281108453),Hospital Universitario Puerta de Hierro Majadahonda,POINT (425900 4478099),8960.977273051702,1770101,177,CH0102
Villar del Olmo,POINT (480081.69140453095 4465242.532770138),Hospital Universitario del Sureste,POINT (461175 4460808),19419.785291181634,1790201,179,CH0100
Villarejo de Salvanés,POINT (476271.370632536 4446674.8680791855),Hospital Universitario del Sureste,POINT (461175 4460808),20679.599226436712,1800101,180,CH0100
Villaviciosa de Odón,POINT (423968.5124613806 4467831.638742836),Hospital Rey Juan Carlos,POINT (426034 4465740),2939.59034607295,1810101,181,CH0105
Villavieja del Lozoya,POINT (443586.7433207897 4539664.261776154),Hospital de La Fuenfría,POINT (409318 4512764),43565.70729842198,1820501,182,CH0028
Vista Real,POINT (417355.7489588331 4509301.642357256),Hospital General de Villalba,POINT (415357 4500859),8676.013334070783,0180601,18,CH0106
"Viñas I, Las",POINT (443718.72841731115 4519684.349681489),Hospital Universitario Infanta Sofía,POINT (448317 4489868),30168.838391244088,0940701,94,CH0097
"Viñas II, Las",POINT (444019.19024471636 4519951.028752846),Hospital Universitario Infanta Sofía,POINT (448317 4489868),30388.481167000646,0940702,94,CH0097
Xanadú,POINT (421193.95185102406 4461324.058468947),Hospital  Universitario de Móstoles,POINT (425435 4463137),4612.292965212462,0150302,15,CH0032
Zarzalejo,POINT (399942.91103594156 4489357.073408679),Hospital de El Escorial,POINT (405350 4495659),8303.66725174124,1830301,183,CH0027
Zulema,POINT (468763.4346234257 4477806.5438938355),HM Vallés,POINT (468864 4481428),3622.8521531856113,1720501,172,CH0109
"Álamo, El",POINT (415677.6711076506 4453822.476307939),Hospital Casaverde de Madrid,POINT (414487 4460030),6320.6841460474025,0040101,4,CH0108
